{
  "view/S2Custom.controller.js.map": 1761084930803,
  "view/S2Custom.controller.js": 1760652260022,
  "view/S3Custom.controller.js": 1761084920929,
  "Component.js": 1758834995268,
  "Component-dbg.js": 1758834995268,
  "Component.js.map": 1761084930788,
  "view/S3Custom-dbg.controller.js": 1761084920929,
  "view/S3Custom.controller.js.map": 1761084930824,
  "view/S2Custom-dbg.controller.js": 1760652260022,
  "manifest.json": 1760650551100,
  "Component-preload.js": 1761084930942,
  "Component-preload.js.map": 1761084930943,
  "view/S3Custom.view.xml": 1760737484354,
  "index.html": 1758834995268
}